{
  "model": "ecgnet100_best.pt",
  "fs": 100,
  "classes": [
    "NORM",
    "MI",
    "STTC",
    "CD",
    "HYP"
  ],
  "lead_mean": [
    -0.002011164091527462,
    -0.0013798126019537449,
    0.0006305363494902849,
    0.0016786052146926522,
    -0.0012692344607785344,
    -0.00035381270572543144,
    0.00025665212888270617,
    -0.0009344639256596565,
    -0.0015336312353610992,
    -0.0013078396441414952,
    -0.0007328280480578542,
    -0.0011958021204918623
  ],
  "lead_std": [
    0.16183318197727203,
    0.15607008337974548,
    0.16237878799438477,
    0.13656580448150635,
    0.1421370506286621,
    0.13708510994911194,
    0.23031331598758698,
    0.3286268711090088,
    0.3219813406467438,
    0.28629070520401,
    0.26655709743499756,
    0.23660337924957275
  ],
  "age_median": 62.0,
  "age_mean": 59.71167755126953,
  "age_std": 16.999399185180664,
  "thresholds": [
    0.58,
    0.75,
    0.45,
    0.49,
    0.61
  ],
  "test_ecg_ids": [
    13,
    14,
    36,
    69,
    82,
    90,
    111,
    116,
    146,
    160,
    162,
    163,
    169,
    180,
    185,
    187,
    188,
    198,
    206,
    229,
    230,
    231,
    245,
    257,
    258,
    274,
    278,
    296,
    297,
    322,
    327,
    335,
    339,
    341,
    354,
    355,
    357,
    364,
    409,
    412,
    422,
    427,
    452,
    482,
    486,
    492,
    499,
    507,
    520,
    534,
    551,
    562,
    579,
    594,
    607,
    623,
    656,
    665,
    682,
    690,
    700,
    704,
    716,
    717,
    739,
    744,
    823,
    882,
    890,
    915,
    932,
    957,
    959,
    975,
    1005,
    1075,
    1077,
    1105,
    1134,
    1177,
    1224,
    1228,
    1328,
    1365,
    1447,
    1486,
    1670,
    2123,
    2179,
    2222,
    2300,
    2531,
    2544,
    2624,
    2706
  ]
}